<?xml version="1.0" encoding="UTF-8"?>    
<!DOCTYPE hibernate-configuration PUBLIC    
        "-//Hibernate/Hibernate Configuration DTD 5.3//EN"    
        "http://www.hibernate.org/dtd/hibernate-configuration-5.3.dtd">
<hibernate-configuration>
	<session-factory>

		
		<property name="connection.driver_class">com.mysql.jdbc.Driver</property>
		<property name="connection.url">jdbc:mysql://localhost:3306/SchoolAdministartion</property>
		<property name="connection.username">root</property>
		<property name="connection.password">sql1234</property>
		<property name="dialect">org.hibernate.dialect.MySQLDialect</property>
		<property name="show_sql">true</property>
		<property name="hbm2ddl.auto">update</property>

		<!-- Set the current session context -->
		<!-- <property name="current_session_context_class">thread</property> -->
		<!-- Drop and re-create the database schema on startup -->
		<mapping class="com.hibernate.pojos.Address" />

	</session-factory>
</hibernate-configuration>  